Iteration 1,Iteration 2,Standard Deviation,Num of Justifications,Std Dev %,defectAxiom,Max Common Axioms,example,Axiom Count:,Average Runtime,Max Justification Size,Iteration 3
8343,8084,148.68,1,1.82,SubClassOf(<http://purl.obolibrary.org/obo/PORO_0000554> <http://www.absoluteiri.edu/RELAPPROXC909>),0,ore_ont_3349.owl,1732,8171,3,8087
6003,6009,3.21,1,0.05,SubClassOf(<http://purl.obolibrary.org/obo/ENSEMBL_SPBC947.15c> ObjectSomeValuesFrom(<http://purl.obolibrary.org/obo/BFO_0000050> <http://purl.obolibrary.org/obo/CHROMOSOME-4896_II>)),0,ore_ont_12776.owl,14101,6005,1,6004
Timeout,Timeout,0.00,46,0.00,SubClassOf(<http://dbpedia.org/ontology/Eukaryote> <http://dbpedia.org/ontology/Scientist>),0,ore_ont_11978.owl,727,120001,2,Timeout
6003,6003,0.00,1,0.00,SubClassOf(<http://purl.obolibrary.org/obo/ZFIN_ZDB-GENE-980526-524> ObjectSomeValuesFrom(<http://purl.obolibrary.org/obo/RO_0002214> ObjectSomeValuesFrom(<http://purl.obolibrary.org/obo/RO_0002217> <http://purl.obolibrary.org/obo/GO_0048741>))),0,ore_ont_5760.owl,193976,6003,1,6003
8107,8083,15.87,1,0.20,SubClassOf(<http://www.aiai.ed.ac.uk/resources/go/cell.owl#CL.0000025> <http://www.aiai.ed.ac.uk/resources/go/cell.owl#CL.0000414>),0,ore_ont_4400.owl,1909,8089,3,8077
6003,6002,0.58,1,0.01,SubClassOf(<http://www.absoluteiri.edu/RELAPPROXC21> owl:Thing),0,ore_ont_8974.owl,157,6002,0,6003
22165,21438,364.29,1,1.67,SubClassOf(<http://purl.org/obo/owl/GO#GO_0061186> <http://purl.org/obo/owl/GO#GO_0060969>),0,ore_ont_9400.owl,350614,21787,2,21760
8914,8728,131.08,1,1.50,SubClassOf(<http://purl.obolibrary.org/obo/EO_0001052> <http://purl.obolibrary.org/obo/EO_0007046>),0,ore_ont_13234.owl,1094,8767,2,8661
6003,6003,0.58,1,0.01,SubClassOf(<http://purl.obolibrary.org/obo/ENSEMBL#_ENSMUSG00000020473> ObjectSomeValuesFrom(<http://purl.obolibrary.org/obo/RO_0002200> <http://purl.obolibrary.org/obo/MP_0000477>)),0,ore_ont_7343.owl,177005,6002,1,6002
8951,9573,328.09,1,3.57,SubClassOf(<http://purl.obolibrary.org/obo/MP_0009596> <http://purl.obolibrary.org/obo/MP_0001216>),0,ore_ont_12161.owl,21582,9201,2,9081
8003,8003,0.00,1,0.00,SubClassOf(<http://purl.obolibrary.org/obo/RGD_620937> ObjectSomeValuesFrom(<http://purl.obolibrary.org/obo/RO_0002214> ObjectSomeValuesFrom(<http://purl.obolibrary.org/obo/RO_0002217> <http://purl.obolibrary.org/obo/GO_0032137>))),0,ore_ont_1306.owl,401194,8003,1,8003
6075,6038,21.66,1,0.36,SubClassOf(<http://purl.org/obo/owl/DOID#DOID_4035> <http://purl.org/obo/owl/DOID#DOID_4029>),0,ore_ont_544.owl,3800,6050,1,6037
9737,9517,119.53,1,1.24,SubClassOf(<http://doe-generated-ontology.com/OntoAD#C0562318> <http://doe-generated-ontology.com/OntoAD#C0189573>),0,ore_ont_9792.owl,25356,9654,2,9708
12211,12337,120.54,1,0.98,SubClassOf(<http://purl.obolibrary.org/obo/FMA_11440> <http://purl.obolibrary.org/obo/FMA_6043>),0,ore_ont_5927.owl,200696,12333,2,12452
9533,9495,19.22,1,0.20,SubClassOf(<http://purl.obolibrary.org/obo/HAO_0000802> <http://purl.obolibrary.org/obo/HAO_0000054>),0,ore_ont_3635.owl,3096,9515,2,9519
6003,6003,0.00,1,0.00,SubClassOf(<http://purl.obolibrary.org/obo/UniProtKB_F1N8W0> ObjectSomeValuesFrom(<http://purl.obolibrary.org/obo/RO_0002214> ObjectSomeValuesFrom(<http://purl.obolibrary.org/obo/BFO_0000050> <http://purl.obolibrary.org/obo/GO_0005737>))),0,ore_ont_5602.owl,151361,6003,1,6003
8004,6002,1155.86,1,17.33,SubClassOf(<http://purl.obolibrary.org/obo/ENSEMBL_F55G11.2> ObjectSomeValuesFrom(<http://purl.obolibrary.org/obo/BFO_0000050> <http://purl.obolibrary.org/obo/CHROMOSOME-6239_IV>)),0,ore_ont_16684.owl,90930,6669,1,6002
9870,9624,136.87,1,1.41,SubClassOf(<http://ontology.neuinfo.org/NIF/BiomaterialEntities/NIF-Cell.owl#sao1615912903> <http://ontology.neuinfo.org/NIF/BiomaterialEntities/NIF-Cell.owl#sao3593465546>),0,ore_ont_6796.owl,527,9712,2,9643
6003,6002,0.58,1,0.01,SubClassOf(<http://purl.obolibrary.org/obo/ENSEMBL_AT5G36297> ObjectSomeValuesFrom(<http://purl.obolibrary.org/obo/BFO_0000050> <http://purl.obolibrary.org/obo/CHROMOSOME-3702_5>)),0,ore_ont_15099.owl,67212,6002,1,6002
6003,6003,0.58,1,0.01,SubClassOf(<http://purl.obolibrary.org/obo/WBbt_0006705> <http://purl.obolibrary.org/obo/WBbt_0007028>),0,ore_ont_13000.owl,19156,6002,1,6002
6003,6002,0.58,1,0.01,SubClassOf(<http://purl.obolibrary.org/obo/ENSEMBL_ENSDARG00000015222> <http://purl.obolibrary.org/obo/SO_0001217>),0,ore_ont_16687.owl,64637,6002,1,6003
6003,6002,0.58,1,0.01,SubClassOf(<http://purl.obolibrary.org/obo/ENSEMBL#_ENSMUSG00000030757> ObjectSomeValuesFrom(<http://purl.obolibrary.org/obo/RO_0002200> <http://purl.obolibrary.org/obo/UBERON_0003053>)),0,ore_ont_8145.owl,183517,6002,1,6002
6002,6002,0.00,1,0.00,SubClassOf(<http://purl.obolibrary.org/obo/ENSEMBL_ENSPMAG00000007314> ObjectSomeValuesFrom(<http://purl.obolibrary.org/obo/BFO_0000050> <http://purl.obolibrary.org/obo/CHROMOSOME-7757_GL485348>)),0,ore_ont_15178.owl,32270,6002,1,6002
9853,9906,42.93,1,0.44,SubClassOf(<http://www.text2onto.org/ontology#spinal_accessory_motor_neuron> <http://www.text2onto.org/ontology#neuron_neural_crest_derived>),0,ore_ont_12831.owl,1835,9860,3,9821
6002,6002,0.58,1,0.01,SubClassOf(<http://purl.obolibrary.org/obo/TTO_1022272> <http://purl.obolibrary.org/obo/TTO_105627>),0,ore_ont_7493.owl,77279,6002,1,6003
10761,10178,332.91,1,3.21,SubClassOf(<http://doe-generated-ontology.com/OntoPneumo#Cholecystectomie> <http://doe-generated-ontology.com/OntoPneumo#Changement>),0,ore_ont_12009.owl,2333,10376,6,10191
6002,6002,0.00,1,0.00,SubClassOf(<http://purl.obolibrary.org/obo/FB_FBgn0044810> ObjectSomeValuesFrom(<http://purl.obolibrary.org/obo/RO_0002214> ObjectSomeValuesFrom(<http://purl.obolibrary.org/obo/BFO_0000050> <http://purl.obolibrary.org/obo/GO_0005576>))),0,ore_ont_14216.owl,165547,6002,1,6002
6002,6002,0.00,1,0.00,SubClassOf(<http://purl.obolibrary.org/obo/MPATH_337> <http://purl.obolibrary.org/obo/MPATH_496>),0,ore_ont_14901.owl,1780,6002,1,6002
17160,18926,897.57,1,5.00,SubClassOf(<http://purl.obolibrary.org/obo/VTO_0000123> <http://purl.obolibrary.org/obo/VTO_0000105>),0,ore_ont_15696.owl,213790,17950,2,17764
10839,10840,109.41,1,1.00,SubClassOf(<http://purl.obolibrary.org/obo/UO_0000145> <http://purl.obolibrary.org/obo/UO_0000127>),0,ore_ont_4767.owl,687,10902,2,11029
6008,6007,1.53,1,0.03,SubClassOf(<http://www.absoluteiri.edu/RELAPPROXC34> <http://www.absoluteiri.edu/RELAPPROXC37>),0,ore_ont_8937.owl,161,6008,1,6010
10698,10772,37.29,1,0.35,SubClassOf(<http://purl.obolibrary.org/obo/APO_0000263> <http://purl.obolibrary.org/obo/APO_0000253>),0,ore_ont_15576.owl,535,10732,3,10727
11447,11704,167.65,1,1.46,SubClassOf(<http://purl.obolibrary.org/obo/MP_0000791> <http://purl.obolibrary.org/obo/MP_0000783>),0,ore_ont_10389.owl,19525,11513,4,11389
11438,11599,96.29,2,0.84,SubClassOf(<http://purl.obolibrary.org/obo/FBbt_00000515> <http://purl.obolibrary.org/obo/FBbt_00000478>),0,ore_ont_14280.owl,19225,11488,2,11427
12004,12005,0.58,1,0.00,SubClassOf(<http://purl.obolibrary.org/obo/ENSEMBL#_ENSMUSG00000028641> ObjectSomeValuesFrom(<http://purl.obolibrary.org/obo/RO_0002200> <http://purl.obolibrary.org/obo/EMAPA_18720>)),0,ore_ont_3836.owl,1928386,12004,1,12004
6003,6002,0.58,1,0.01,SubClassOf(<http://purl.obolibrary.org/obo/CHEBI_46714> <http://purl.obolibrary.org/obo/CHEBI_46662>),0,ore_ont_15929.owl,160026,6002,1,6002
6035,6042,5.13,1,0.08,SubClassOf(<http://www.absoluteiri.edu/RELAPPROXC654> <http://www.absoluteiri.edu/RELAPPROXC552>),0,ore_ont_1481.owl,2272,6040,1,6045
8003,8002,0.58,1,0.01,SubClassOf(<http://purl.obolibrary.org/obo/ENSEMBL#_ENSG00000205659> ObjectSomeValuesFrom(<http://purl.obolibrary.org/obo/RO_00022060> <http://purl.obolibrary.org/obo/UBERON_0000998>)),0,ore_ont_10445.owl,459568,8002,1,8002
13656,13712,213.16,1,1.54,SubClassOf(<http://purl.obolibrary.org/obo/CHEBI_10328> <http://purl.obolibrary.org/obo/CHEBI_51958>),0,ore_ont_15388.owl,74843,13806,4,14050
6002,6002,1.15,1,0.02,SubClassOf(<http://purl.obolibrary.org/obo/FMA_16754> ObjectSomeValuesFrom(<http://purl.obolibrary.org/obo/c3ebb8aa-1b81-451f-bfb9-1ecc4c156660_e.obo.PREVIOUS#branch_of> <http://purl.obolibrary.org/obo/FMA_16718>)),0,ore_ont_7716.owl,42908,6002,1,6004
6002,6002,0.00,1,0.00,SubClassOf(<http://purl.obolibrary.org/obo/TGMA_0000039> ObjectSomeValuesFrom(<http://purl.obolibrary.org/obo/OBO_REL_part_of> <http://purl.obolibrary.org/obo/TGMA_0000003>)),0,ore_ont_2440.owl,4599,6002,1,6002
6002,6004,1.00,1,0.02,SubClassOf(<http://purl.obolibrary.org/obo/FB_FBgn0029859> ObjectSomeValuesFrom(<http://purl.obolibrary.org/obo/RO_0002214> ObjectSomeValuesFrom(<http://purl.obolibrary.org/obo/BFO_0000050> <http://purl.obolibrary.org/obo/GO_0005575>))),0,ore_ont_4557.owl,146260,6003,1,6003
6002,6002,0.00,1,0.00,SubClassOf(<http://purl.obolibrary.org/obo/UniProtKB#_B3H5K1> <http://purl.obolibrary.org/obo/PR_000000001>),0,ore_ont_4235.owl,48845,6002,1,6002
11613,11544,118.58,1,1.03,SubClassOf(<http://purl.obolibrary.org/obo/GO_0003309> <http://purl.obolibrary.org/obo/GO_0048869>),0,ore_ont_457.owl,1525,11513,2,11382
11794,11584,122.71,1,1.05,SubClassOf(<http://purl.obolibrary.org/obo/AAO_0010692> <http://purl.obolibrary.org/obo/AAO_0010001>),0,ore_ont_9598.owl,4284,11652,3,11579
6003,6002,0.58,1,0.01,SubClassOf(<http://purl.obolibrary.org/obo/MGI_MGI%3A1920328> <http://purl.obolibrary.org/obo/PANTHER_PTHR11851>),0,ore_ont_9513.owl,44839,6002,1,6002
6002,6002,0.00,1,0.00,SubClassOf(<http://purl.obolibrary.org/obo/ENSEMBL#_ENSDARG00000003383> ObjectSomeValuesFrom(<http://purl.obolibrary.org/obo/RO_00022060> <http://purl.obolibrary.org/obo/UBERON_0000955>)),0,ore_ont_8557.owl,102336,6002,1,6002
11926,11919,119.27,1,1.01,SubClassOf(<http://purl.obolibrary.org/obo/VT_0010384> <http://purl.obolibrary.org/obo/VT_0003574>),0,ore_ont_6198.owl,15081,11853,2,11716
6002,6002,0.00,1,0.00,SubClassOf(<http://www.xspan.org/obo.owl#EMAPA.16618> <http://www.xspan.org/obo.owl#XUO.0000004>),0,ore_ont_1555.owl,14372,6002,1,6002
6003,6002,0.58,1,0.01,SubClassOf(<http://purl.obolibrary.org/obo/UniProtKB_P62743> <http://purl.obolibrary.org/obo/PR_000004103>),0,ore_ont_9590.owl,35517,6002,1,6002
14024,14552,264.01,1,1.85,SubClassOf(<http://purl.obolibrary.org/obo/GO_0061571> <http://purl.obolibrary.org/obo/GO_0046939>),0,ore_ont_10175.owl,128846,14287,2,14285
12044,11823,117.17,1,0.98,SubClassOf(<http://sweet.jpl.nasa.gov/2.1/phenMixing.owl#Bioturbation> <http://sweet.jpl.nasa.gov/2.1/phenMixing.owl#Mix>),0,ore_ont_13621.owl,11677,11956,2,12001
8003,8010,3.51,1,0.04,SubClassOf(<http://purl.obolibrary.org/obo/MIM_608192> <http://purl.obolibrary.org/obo/NCBIGene_57147>),0,ore_ont_12387.owl,433558,8006,1,8007
6023,6024,2.08,1,0.03,SubClassOf(<http://purl.org/obo/owl/GO#GO_0002310> <http://purl.org/obo/owl/GO#GO_0046633>),0,ore_ont_9857.owl,2271,6024,1,6027
12464,12586,115.07,1,0.91,SubClassOf(<http://purl.obolibrary.org/obo/MP_0010392> <http://purl.obolibrary.org/obo/MP_0010559>),0,ore_ont_4732.owl,23649,12581,3,12694
12835,12314,276.68,3,2.21,SubClassOf(<http://www.cidoc-crm.org/cidoc-crm/E84_Information_Carrier> <http://www.cidoc-crm.org/cidoc-crm/E1_CRM_Entity>),5,ore_ont_2228.owl,700,12520,7,12413
12104,12615,316.83,1,2.59,SubClassOf(<http://purl.obolibrary.org/obo/RS_0001286> <http://purl.obolibrary.org/obo/RS_0002644>),0,ore_ont_11619.owl,8720,12251,2,12035
12383,12343,78.23,1,0.64,SubClassOf(<http://lod.taxonconcept.org/ontology/phylo.owl#Sarcophagidae> <http://lod.taxonconcept.org/ontology/phylo.owl#Eumetazoa>),0,ore_ont_13887.owl,1254,12319,20,12232
6002,6002,0.00,1,0.00,SubClassOf(<http://purl.obolibrary.org/obo/ENSEMBL_ENSCING00000016458> ObjectSomeValuesFrom(<http://purl.obolibrary.org/obo/BFO_0000050> <http://purl.obolibrary.org/obo/CHROMOSOME-7719_scaffold_1063>)),0,ore_ont_12802.owl,30754,6002,1,6002
6002,6002,0.58,1,0.01,SubClassOf(<http://www.absoluteiri.edu/RELAPPROXC83> owl:Thing),0,ore_ont_2036.owl,203,6002,0,6003
6002,6002,0.00,1,0.00,SubClassOf(<http://purl.obolibrary.org/obo/ENSEMBL_ENSGALG00000015575> <http://purl.obolibrary.org/obo/SO_0001217>),0,ore_ont_964.owl,35876,6002,1,6002
12261,12456,102.63,1,0.83,SubClassOf(<http://purl.obolibrary.org/obo/MP_0000300> <http://purl.obolibrary.org/obo/MP_0000297>),0,ore_ont_11452.owl,21702,12377,2,12414
112137,10065,58877.10,1,133.35,SubClassOf(<http://purl.obolibrary.org/obo/GAZ_00720002> ObjectSomeValuesFrom(<http://purl.obolibrary.org/obo/57dc1631-dc30-4405-8c59-c6af4b1e4221_gaz.obo#located_in> <http://purl.obolibrary.org/obo/GAZ_00024000>)),0,ore_ont_11395.owl,1169399,44151,1,10253
6002,6002,0.58,1,0.01,SubClassOf(<http://purl.obolibrary.org/obo/NCBI_Gene_189> ObjectSomeValuesFrom(<http://purl.obolibrary.org/obo/RO_0002214> <http://purl.obolibrary.org/obo/HP_0000965>)),0,ore_ont_16559.owl,45314,6001,1,6001
6027,6016,5.57,1,0.09,SubClassOf(<http://purl.obolibrary.org/obo/GO_0060379> <http://purl.obolibrary.org/obo/GO_0045445>),0,ore_ont_11009.owl,1524,6021,1,6020
26156,23765,3008.87,1,11.33,SubClassOf(<http://purl.obolibrary.org/obo/SO_0001586> <http://purl.obolibrary.org/obo/SO_0001583>),0,ore_ont_1579.owl,282524,26554,2,29743
6002,6002,0.58,1,0.01,SubClassOf(<http://purl.obolibrary.org/obo/ENSEMBL#_FBgn0033225> ObjectSomeValuesFrom(<http://purl.obolibrary.org/obo/RO_0002200> <http://purl.obolibrary.org/obo/GO_0004835>)),0,ore_ont_14607.owl,276566,6002,1,6003
14507,14509,269.62,1,1.88,SubClassOf(<http://purl.obolibrary.org/obo/sep_00018> <http://purl.obolibrary.org/obo/sep_00005>),0,ore_ont_6735.owl,427,14352,2,14041
14616,14645,83.54,1,0.57,SubClassOf(<http://purl.obolibrary.org/obo/FYPO_0002100> <http://www.absoluteiri.edu/RELAPPROXC6190>),0,ore_ont_935.owl,28658,14678,2,14773
6002,6002,0.00,1,0.00,SubClassOf(<http://www.lexinfo.net/lmf#SenseAxisRelation> <http://www.lexinfo.net/lmf#LMFClass>),0,ore_ont_9509.owl,174,6002,1,6002
6002,6002,0.00,1,0.00,SubClassOf(<http://purl.obolibrary.org/obo/WB_WBGene00044528> ObjectSomeValuesFrom(<http://purl.obolibrary.org/obo/RO_0002214> ObjectSomeValuesFrom(<http://purl.obolibrary.org/obo/RO_0002217> <http://purl.obolibrary.org/obo/GO_0006811>))),0,ore_ont_2253.owl,172388,6002,1,6002
15359,15223,82.86,2,0.54,SubClassOf(<http://purl.org/obo/owl/IEV#IEV_0001640> <http://purl.org/obo/owl/IEV#IEV_0001589>),2,ore_ont_8641.owl,11046,15318,4,15373
14509,14760,210.40,1,1.43,SubClassOf(<http://purl.obolibrary.org/obo/PO_0006439> <http://purl.obolibrary.org/obo/PO_0006004>),0,ore_ont_5485.owl,3706,14732,2,14927
6002,6002,0.00,1,0.00,SubClassOf(<http://purl.obolibrary.org/obo/ENSEMBL_ENSMUSG00000069713> ObjectSomeValuesFrom(<http://purl.obolibrary.org/obo/BFO_0000050> <http://purl.obolibrary.org/obo/CHROMOSOME-10090_10>)),0,ore_ont_7256.owl,75518,6002,1,6002
6002,6002,0.00,1,0.00,SubClassOf(<http://www.absoluteiri.edu/RELAPPROXC196> owl:Thing),0,ore_ont_10536.owl,307,6002,0,6002
14706,14775,179.16,1,1.22,SubClassOf(<http://purl.obolibrary.org/obo/PRIDE_0000323> <http://purl.obolibrary.org/obo/PRIDE_0000307>),0,ore_ont_10056.owl,898,14639,3,14436
6002,6002,0.00,1,0.00,SubClassOf(<http://www.ebi.ac.uk/efo/swo/SWO_0000077> ObjectSomeValuesFrom(<http://www.ebi.ac.uk/efo/swo/SWO_0000741> <http://www.ebi.ac.uk/efo/swo/SWO_0000415>)),0,ore_ont_8135.owl,2344,6002,1,6002
14399,14595,142.84,1,0.98,SubClassOf(<http://www.owl-ontologies.com/unnamed.owl#Desejavel_para_outro> <http://www.owl-ontologies.com/unnamed.owl#Emoção>),0,ore_ont_9854.owl,170,14557,4,14677
14587,14727,71.84,1,0.49,SubClassOf(<http://purl.obolibrary.org/obo/AEO_0000178> <http://purl.obolibrary.org/obo/CARO_0000003>),0,ore_ont_11010.owl,630,14666,3,14685
6002,6002,0.58,1,0.01,SubClassOf(<http://purl.obolibrary.org/obo/MA_0000649> ObjectSomeValuesFrom(<http://purl.obolibrary.org/obo/2684a099-e94b-4deb-bad9-f60547ccdd68_masimple.obo#part_of> <http://purl.obolibrary.org/obo/MA_0000048>)),0,ore_ont_9646.owl,7286,6001,1,6001
6002,6002,0.00,1,0.00,SubClassOf(<http://purl.obolibrary.org/obo/ENSEMBL#_ENSG00000185100> ObjectSomeValuesFrom(<http://purl.obolibrary.org/obo/RO_0002200> <http://purl.obolibrary.org/obo/GO_0042301>)),0,ore_ont_11389.owl,277208,6002,1,6002
15102,15292,113.64,3,0.75,SubClassOf(<http://purl.obolibrary.org/obo/CL_0000803> <http://purl.obolibrary.org/obo/CL_0000084>),2,ore_ont_14031.owl,4912,15161,4,15089
6034,6035,0.58,1,0.01,SubClassOf(<http://purl.obolibrary.org/obo/FYPO_0000413> <http://purl.obolibrary.org/obo/PATO_0001558>),0,ore_ont_2377.owl,4099,6034,1,6034
6002,6002,0.00,1,0.00,SubClassOf(<http://purl.obolibrary.org/obo/ZFIN_ZDB-GENE-060503-585> ObjectSomeValuesFrom(<http://purl.obolibrary.org/obo/RO_0002214> ObjectSomeValuesFrom(<http://purl.obolibrary.org/obo/RO_0002217> <http://purl.obolibrary.org/obo/GO_0006810>))),0,ore_ont_7993.owl,177165,6002,1,6002
6030,6031,1.00,1,0.02,SubClassOf(<http://purl.org/obo/owl/HP#HP_0001386> <http://purl.org/obo/owl/PATO#PATO_0001450>),0,ore_ont_4383.owl,3204,6031,1,6032
15324,15154,92.92,1,0.61,SubClassOf(<http://www.ontologydesignpatterns.org/ont/fao/agrovoc.owl#Futures_Trading> <http://www.ontologydesignpatterns.org/ont/fao/agrovoc.owl#Markets>),0,ore_ont_6433.owl,32342,15217,2,15174
14694,14794,95.54,1,0.65,SubClassOf(<file:/media/owl/Seagate%20Expansion%20Drive/mowlcorp_rep/mowlcorp_2014.10.07_orig/files/F26_Recording> <file:/media/owl/Seagate%20Expansion%20Drive/mowlcorp_rep/mowlcorp_2014.10.07_orig/files/F2_Expression>),0,ore_ont_338.owl,418,14791,2,14885
18599,18521,670.86,1,3.54,SubClassOf(<file:/media/owl/Seagate%20Expansion%20Drive/mowlcorp_rep/mowlcorp_2014.10.07_orig/files/75a65645-51c9-4fe9-9f71-443fde726c1a__v5.0.1__.rdfs#E27_> <file:/media/owl/Seagate%20Expansion%20Drive/mowlcorp_rep/mowlcorp_2014.10.07_orig/files/75a65645-51c9-4fe9-9f71-443fde726c1a__v5.0.1__.rdfs#E1_>),0,ore_ont_15145.owl,186,18946,6,19720
16714,16621,1268.43,1,7.29,SubClassOf(<http://purl.obolibrary.org/obo/FMA_75729> <http://purl.obolibrary.org/obo/FMA_239965>),0,ore_ont_11519.owl,207028,17399,2,18863
13880,13646,119.73,1,0.87,SubClassOf(<file:/media/owl/Seagate%20Expansion%20Drive/mowlcorp_rep/mowlcorp_2014.10.07_orig/files/87d0a399-d147-45f0-8680-92eb7f975195_ka.owl#Reuse> <http://www.absoluteiri.edu/RELAPPROXC326>),0,ore_ont_2713.owl,733,13748,2,13719
16653,16738,61.29,1,0.37,SubClassOf(<http://purl.obolibrary.org/obo/GO_0009800> <http://purl.obolibrary.org/obo/GO_1901362>),0,ore_ont_795.owl,153762,16670,2,16619
14244,13741,269.45,1,1.93,SubClassOf(<http://purl.obolibrary.org/obo/ID_0000225> <http://purl.obolibrary.org/obo/ID_0000136>),0,ore_ont_6207.owl,550,13936,2,13825
14228,13891,179.77,1,1.28,SubClassOf(<http://purl.obolibrary.org/obo/DIS_0591> <http://purl.obolibrary.org/obo/DIS_0721>),0,ore_ont_1473.owl,3091,14095,3,14168
6002,6003,0.58,1,0.01,SubClassOf(<http://rhizomik.net/ontologies/2006/01/NewsCodes-SubjectsOnto.owl#15021005> <http://rhizomik.net/ontologies/2006/01/NewsCodes-SubjectsOnto.owl#SubjectDetail>),0,ore_ont_380.owl,3621,6002,1,6002
13840,13874,32.02,1,0.23,SubClassOf(<http://purl.obolibrary.org/obo/NBO_0000516> <http://ncicb.nci.nih.gov/xml/owl/EVS/Thesaurus.owl#Mood_Disorder>),0,ore_ont_2066.owl,822,13872,2,13904
6002,6002,0.00,1,0.00,SubClassOf(<http://purl.obolibrary.org/obo/ENSEMBL#_ENSRNOG00000031485> <http://purl.obolibrary.org/obo/ENSEMBL#_ENSFM00250000003411>),0,ore_ont_1357.owl,195230,6002,1,6002
13566,13502,32.13,1,0.24,SubClassOf(<http://grapson.com/concept#Terminology> <http://grapson.com/semantics#Place>),0,ore_ont_13035.owl,1296,13532,3,13529
16204,17030,440.63,1,2.67,SubClassOf(<http://purl.obolibrary.org/obo/NCBITaxon_1108738> <http://purl.obolibrary.org/obo/NCBITaxon_33202>),0,ore_ont_10689.owl,1962292,16528,1,16351
6005,6002,1.73,1,0.03,SubClassOf(<http://purl.obolibrary.org/obo/EMAP_6977> ObjectSomeValuesFrom(<http://purl.obolibrary.org/obo/emap.mouse-gross-anatomy-and-development-ontology.6.orig#part_of> <http://purl.obolibrary.org/obo/EMAP_2528>)),0,ore_ont_2591.owl,27462,6003,1,6002
16900,16372,311.69,1,1.88,SubClassOf(<http://purl.obolibrary.org/obo/NCBITaxon_1268148> <http://purl.obolibrary.org/obo/NCBITaxon_92993>),0,ore_ont_9674.owl,1962292,16540,1,16349
14881,13961,464.13,1,3.23,SubClassOf(<http://purl.obolibrary.org/obo/MI_0372> <http://purl.obolibrary.org/obo/MI_0342>),0,ore_ont_725.owl,4185,14385,2,14314
21068,20473,343.81,1,1.66,SubClassOf(<http://purl.obolibrary.org/obo/CHEBI_61631> <http://purl.obolibrary.org/obo/CHEBI_35373>),0,ore_ont_13224.owl,192934,20671,2,20472
18141,18042,1172.20,1,6.73,SubClassOf(<http://purl.obolibrary.org/obo/ENSEMBL_ENSDARG00000054254> ObjectSomeValuesFrom(<http://purl.obolibrary.org/obo/RO_0002158> <http://purl.obolibrary.org/obo/ENSEMBL_ENSDARG00000041484>)),0,ore_ont_15059.owl,3280784,17415,1,16063
42310,42951,451.78,1,1.06,SubClassOf(<http://purl.org/obo/owl/GO#GO_0002490> <http://purl.org/obo/owl/GO#GO_0002483>),0,ore_ont_9499.owl,372704,42814,3,43182
6002,6002,0.00,1,0.00,SubClassOf(<http://purl.obolibrary.org/obo/ZFIN_ZDB-GENE-050417-167> ObjectSomeValuesFrom(<http://purl.obolibrary.org/obo/RO_0002200> <http://purl.obolibrary.org/obo/GO_0003676>)),0,ore_ont_13902.owl,99121,6002,1,6002
18345,15956,1296.37,1,7.69,SubClassOf(<http://www.semanticweb.org/associatedmedicine/lavima/2011/10/Ontology1.owl#Variable_qualitative> <http://www.semanticweb.org/associatedmedicine/lavima/2011/10/Ontology1.owl#Adresse>),0,ore_ont_1325.owl,823,16859,2,16278
16927,19002,1352.37,2,7.74,SubClassOf(<http://purl.obolibrary.org/obo/HP_0002058> <http://purl.obolibrary.org/obo/HP_0001291>),1,ore_ont_3712.owl,23056,17463,3,16462
21281,10184,6429.49,1,46.40,SubClassOf(<http://purl.obolibrary.org/obo/GAZ_00204618> ObjectSomeValuesFrom(<http://purl.obolibrary.org/obo/gaz.gazetteer.13.orig#partial_overlaps> <http://purl.obolibrary.org/obo/GAZ_00153283>)),0,ore_ont_14042.owl,1169399,13857,1,10106
36009,16200,10873.65,1,46.24,SubClassOf(<http://purl.obolibrary.org/obo/NCBITaxon_80634> <http://purl.obolibrary.org/obo/NCBITaxon_227334>),0,ore_ont_8486.owl,1807230,23513,1,18332
15057,14267,949.75,2,6.71,SubClassOf(<file:/media/owl/Seagate%20Expansion%20Drive/mowlcorp_rep/mowlcorp_2014.10.07_orig/files/5829d1da-f6bd-4115-9aab-c35afec13c32_rm_v5.0.1.rdfs#E12> <file:/media/owl/Seagate%20Expansion%20Drive/mowlcorp_rep/mowlcorp_2014.10.07_orig/files/5829d1da-f6bd-4115-9aab-c35afec13c32_rm_v5.0.1.rdfs#E5>),0,ore_ont_6024.owl,696,14163,3,13166
8004,8002,1.00,1,0.01,SubClassOf(<http://purl.obolibrary.org/obo/RGD_621148> ObjectSomeValuesFrom(<http://purl.obolibrary.org/obo/RO_0002214> ObjectSomeValuesFrom(<http://purl.obolibrary.org/obo/BFO_0000050> <http://purl.obolibrary.org/obo/GO_0031252>))),0,ore_ont_6233.owl,399651,8003,1,8003
13724,13871,100.81,1,0.73,SubClassOf(<http://purl.obolibrary.org/obo/PO_0025363> <http://purl.obolibrary.org/obo/PO_0025139>),0,ore_ont_12281.owl,4369,13757,2,13678
13760,13948,501.94,1,3.55,SubClassOf(<http://purl.obolibrary.org/obo/PO_0007623> <http://purl.obolibrary.org/obo/PO_0025338>),0,ore_ont_2496.owl,4369,14138,5,14708
13865,16052,1256.08,1,8.60,SubClassOf(<http://semanticscience.org/Uridine> <http://semanticscience.org/Nucleoside>),0,ore_ont_16076.owl,376,14601,2,13888
14004,8002,3465.26,1,34.64,SubClassOf(<http://purl.org/obo/owl/GAZ#GAZ_00088577> ObjectSomeValuesFrom(<http://purl.org/obo/owl/obo#located_in> <http://purl.org/obo/owl/GAZ#GAZ_00088575>)),0,ore_ont_3560.owl,533141,10002,1,8002
14271,14230,246.52,1,1.71,SubClassOf(<http://purl.obolibrary.org/obo/VariO_0355> <http://purl.obolibrary.org/obo/VariO_0297>),0,ore_ont_13053.owl,794,14392,3,14676
14549,14366,106.83,1,0.74,SubClassOf(<http://purl.obolibrary.org/obo/PO_0025486> <http://www.absoluteiri.edu/RELAPPROXC2929>),0,ore_ont_5080.owl,4485,14425,4,14362
74878,78145,25161.75,1,27.65,SubClassOf(<http://purl.obolibrary.org/obo/NCBITaxon_235904> <http://purl.obolibrary.org/obo/NCBITaxon_223785>),0,ore_ont_868.owl,1962297,91008,2,Timeout
